PlayerName,Team,Pos,Age,MP,Starts,Min,90s,Non_Penalty_Goals,npxG_Non_Penalty_xG,Shots_Total,Assists,xAG_Exp_Assisted_Goals,npxG_plus_xAG,Shot_Creating_Actions,Passes_Attempted,Pass_Completion_Percentage,Progressive_Passes,Progressive_Carries,Successful_Take_Ons,Touches_Att_Pen,Progressive_Passes_Rec,Tackles,Interceptions,Blocks,Clearances,Aerials_Won
Federico Valverde,Real Madrid,MF,26,22,22,1919,21.3,0.23,0.05,1.27,0.09,0.08,0.13,2.72,66.6,89.0,6.57,1.97,0.47,1.03,2.2,1.45,1.97,1.22,1.17,0.89
Antonio Rüdiger,Real Madrid,CB,31,22,21,1806,20.1,0.0,0.06,0.95,0.0,0.01,0.07,1.1,74.55,91.8,3.44,0.7,0.15,0.9,0.1,0.7,0.4,0.9,3.84,1.4
Kylian Mbappé,Real Madrid,FW,26,20,20,1728,19.2,0.52,0.52,4.32,0.1,0.2,0.72,3.8,33.91,82.6,4.58,4.74,2.4,10.0,12.55,0.42,0.0,0.16,0.0,0.05
Jude Bellingham,Real Madrid,MF,21,18,18,1500,16.7,0.36,0.34,2.04,0.36,0.15,0.49,3.48,57.9,86.3,7.38,2.88,1.32,3.72,5.22,1.92,1.02,1.32,0.84,0.84
Aurélien Tchouaméni,Real Madrid,MF,25,17,17,1454,16.2,0.0,0.06,0.74,0.0,0.03,0.1,1.42,74.34,93.0,6.81,0.87,0.31,0.87,0.43,1.67,1.67,0.74,1.86,2.17
Rodrygo,Real Madrid,AM,24,19,15,1289,14.3,0.42,0.2,2.44,0.35,0.16,0.36,5.45,51.32,85.9,5.03,4.96,2.09,6.07,12.01,0.63,0.35,0.91,0.28,0.35
Vinicius Júnior,Real Madrid,AM,24,16,14,1265,14.1,0.43,0.34,3.27,0.36,0.34,0.68,5.12,34.72,74.4,3.42,6.69,2.99,7.54,10.53,1.07,0.07,0.36,0.07,0.07
Lucas Vázquez,Real Madrid,FB,33,18,13,1143,12.7,0.08,0.09,0.63,0.24,0.29,0.39,2.91,68.35,87.2,4.09,1.5,0.94,2.44,8.58,2.44,0.63,0.63,1.26,0.16
Fran Garcia,Real Madrid,FB,25,17,11,1037,11.5,0.0,0.05,0.69,0.09,0.05,0.1,1.74,64.74,87.7,4.6,2.6,0.26,1.65,7.64,1.56,0.95,0.69,2.6,0.52
Éder Militão,Real Madrid,CB,27,12,11,938,10.4,0.1,0.06,0.96,0.1,0.05,0.11,1.15,68.32,89.3,4.41,0.67,0.48,1.25,0.1,1.82,1.15,1.25,3.36,2.01
Ferland Mendy,Real Madrid,FB,29,12,10,831,9.2,0.0,0.0,0.0,0.0,0.0,0.0,0.22,60.65,93.2,3.36,0.97,0.22,0.22,3.79,1.73,0.97,1.08,0.76,0.32
Dani Ceballos,Real Madrid,MF,28,13,9,735,8.2,0.0,0.02,0.24,0.0,0.15,0.17,3.43,101.63,94.0,11.39,2.33,0.49,0.61,1.1,3.67,1.35,0.98,0.49,0.24
Brahim Díaz,Real Madrid,AM,25,17,8,778,8.6,0.35,0.34,1.62,0.23,0.27,0.6,4.16,44.42,85.9,5.21,2.08,1.85,3.24,6.59,2.08,0.23,1.27,0.12,0.12
Luka Modrić,Real Madrid,MF,39,21,7,875,9.7,0.1,0.11,1.13,0.31,0.4,0.51,5.97,93.7,86.9,8.54,2.98,0.41,1.13,3.19,1.03,1.13,0.72,0.82,0.21
Dani Carvajal,Real Madrid,FB,33,8,7,609,6.8,0.15,0.19,0.44,0.0,0.03,0.22,1.77,68.42,86.2,3.99,1.92,0.3,1.77,7.09,1.77,1.48,1.18,2.81,1.03
Arda Güler,Real Madrid,AM,19,16,6,608,6.8,0.15,0.27,2.81,0.44,0.25,0.52,5.18,55.36,86.1,5.63,2.52,1.63,3.85,6.96,2.37,0.44,1.48,0.89,0.89
Eduardo Camavinga,Real Madrid,MF,22,8,6,520,5.8,0.0,0.02,0.52,0.35,0.03,0.05,1.56,68.37,88.6,5.88,1.73,0.87,1.21,2.08,3.29,1.38,1.9,1.38,0.87
Raúl Asencio,Real Madrid,CB,21,10,5,589,6.5,0.0,0.0,0.15,0.15,0.06,0.08,0.76,63.57,91.8,1.38,0.46,0.61,0.61,0.61,1.38,0.76,0.0,4.89,1.99
Clément Lenglet,Atlético Madrid,CB,29,12,12,1013,11.3,0.09,0.12,0.53,0.09,0.07,0.19,0.89,62.64,87.4,4.35,0.89,0.09,0.8,0.0,0.89,1.24,1.07,4.44,1.95
Rodrigo De Paul,Atlético Madrid,MF,30,20,11,1118,12.4,0.24,0.09,0.97,0.24,0.28,0.37,4.43,77.6,80.3,10.87,3.14,0.64,0.97,3.78,1.13,0.32,1.13,0.64,0.24
Robin Le Normand,Atlético Madrid,CB,28,13,11,1013,11.3,0.0,0.03,0.36,0.0,0.04,0.07,0.53,57.84,89.6,3.11,0.53,0.09,0.71,0.36,1.16,0.53,0.8,4.0,2.13
Samuel Lino,Atlético Madrid,MF,25,18,11,927,10.3,0.29,0.46,2.72,0.19,0.21,0.67,2.91,51.07,79.5,4.85,3.98,1.36,4.76,11.07,1.07,0.58,1.26,0.68,0.58
Giuliano Simeone,Atlético Madrid,MF,22,17,11,856,9.5,0.11,0.16,0.84,0.32,0.24,0.4,2.52,43.11,76.3,2.94,3.68,1.26,3.89,9.88,1.16,0.63,1.37,0.74,0.32
Javi Galán,Atlético Madrid,FB,30,12,10,844,9.4,0.0,0.01,0.32,0.21,0.21,0.22,1.81,54.6,82.8,3.09,2.88,1.71,0.75,6.5,2.56,0.53,1.07,1.28,1.28
Reinildo Mandava,Atlético Madrid,FB,31,15,9,782,8.7,0.0,0.01,0.12,0.0,0.01,0.02,0.81,62.26,84.1,3.11,1.27,0.23,0.92,1.38,1.96,1.38,1.04,3.22,0.81
Alexander Sørloth,Atlético Madrid,FW,29,19,8,871,9.7,0.83,0.71,3.82,0.21,0.13,0.85,2.17,22.01,62.0,1.55,1.65,1.14,5.99,4.55,0.52,0.0,0.41,1.65,5.79
Axel Witsel,Atlético Madrid,CB,36,12,8,761,8.5,0.0,0.0,0.12,0.12,0.06,0.07,0.35,58.19,90.0,2.13,0.24,0.12,0.47,0.12,1.54,1.06,1.77,3.78,2.72
César Azpilicueta,Atlético Madrid,CB,35,7,6,525,5.8,0.0,0.03,0.69,0.0,0.0,0.03,0.51,72.0,87.6,7.2,1.2,0.17,1.03,1.37,2.06,0.34,0.51,2.74,1.54
Ángel Correa,Atlético Madrid,FW,29,20,3,574,6.4,0.31,0.63,4.08,0.16,0.19,0.8,3.45,29.95,72.3,2.35,2.67,1.72,9.25,9.25,0.78,0.47,1.1,0.78,0.16
Raphinha,Barcelona,AM,28,22,21,1801,20.0,0.55,0.62,3.45,0.3,0.49,1.11,5.85,47.57,69.2,5.05,3.45,1.85,6.25,10.99,1.3,0.25,0.75,0.85,0.15
Jules Koundé,Barcelona,FB,26,22,20,1775,19.7,0.1,0.08,0.71,0.15,0.18,0.26,1.83,70.28,85.5,5.37,1.62,0.76,2.94,7.2,2.38,0.66,1.37,2.23,1.01
Pau Cubarsí,Barcelona,CB,18,22,20,1758,19.5,0.0,0.04,0.36,0.1,0.08,0.12,1.38,91.59,93.3,6.66,0.72,0.2,0.82,0.2,0.92,0.51,0.41,2.82,2.35
Robert Lewandowski,Barcelona,FW,36,21,20,1676,18.6,0.86,0.88,3.65,0.11,0.12,1.0,2.15,18.63,73.8,1.99,0.97,0.81,5.75,5.53,0.38,0.05,0.48,1.02,1.02
Pedri,Barcelona,MF,22,21,19,1605,17.8,0.22,0.1,0.95,0.11,0.22,0.33,4.49,72.73,86.9,9.87,2.69,1.29,1.85,4.09,1.79,0.67,1.29,0.79,0.11
Iñigo Martínez,Barcelona,CB,33,18,18,1600,17.8,0.0,0.02,0.51,0.06,0.09,0.11,1.74,92.25,91.2,8.72,2.7,0.0,1.01,0.17,0.9,0.79,0.62,3.49,2.19
Alejandro Balde,Barcelona,FB,21,20,18,1519,16.9,0.0,0.02,0.59,0.18,0.13,0.15,3.14,57.77,87.3,3.79,4.09,1.9,1.6,9.48,0.59,0.3,0.83,0.83,0.53
Lamine Yamal,Barcelona,AM,17,19,17,1524,16.9,0.3,0.3,3.9,0.59,0.47,0.77,5.43,41.69,73.7,5.08,5.26,4.31,6.5,12.87,1.42,0.53,0.41,0.18,0.0
Marc Casado,Barcelona,MF,21,19,17,1362,15.1,0.0,0.06,0.86,0.2,0.09,0.15,2.51,75.79,89.0,6.21,0.66,0.2,0.4,1.39,2.31,1.19,1.06,1.32,0.46
Dani Olmo,Barcelona,AM,26,12,7,652,7.2,0.69,0.33,3.31,0.0,0.23,0.57,3.45,44.17,76.9,6.49,2.21,2.21,4.97,7.32,1.38,0.14,0.41,0.83,0.97
Ferrán Torres,Barcelona,AM,24,16,7,641,7.1,0.56,0.51,3.23,0.28,0.2,0.7,2.53,28.08,71.5,2.81,2.11,1.26,5.76,8.0,0.7,0.14,0.98,0.28,0.28
Eric García,Barcelona,MF,24,13,5,671,7.5,0.0,0.13,0.94,0.13,0.05,0.19,1.48,72.43,92.4,6.17,1.21,0.27,1.88,0.67,2.15,0.67,1.48,2.15,2.28
Fermin López,Barcelona,AM,21,14,5,563,6.3,0.32,0.45,2.56,0.32,0.19,0.64,2.24,43.16,82.2,4.48,2.4,1.44,3.68,7.51,1.28,0.48,0.16,0.32,0.96
Iñaki Williams,Athletic Club,AM,30,21,20,1735,19.3,0.21,0.22,2.02,0.31,0.27,0.49,2.59,27.6,60.7,2.33,3.99,1.5,4.56,10.12,0.67,0.47,1.14,0.88,1.04
Daniel Vivian,Athletic Club,CB,25,19,17,1585,17.6,0.17,0.09,0.74,0.0,0.01,0.09,1.31,59.11,86.0,6.19,1.19,0.51,1.02,0.34,1.53,1.36,0.91,4.6,1.7
Nico Williams,Athletic Club,AM,22,19,16,1417,15.7,0.06,0.18,2.41,0.19,0.17,0.35,5.21,31.12,70.8,3.24,5.84,2.73,5.27,11.56,1.46,0.32,0.7,0.38,0.44
Álex Berenguer,Athletic Club,AM,29,21,15,1263,14.0,0.36,0.33,2.42,0.36,0.24,0.58,3.99,37.27,66.9,2.99,2.49,1.07,3.35,7.48,1.14,0.43,0.64,0.5,1.43
Oihan Sancet,Athletic Club,AM,24,18,14,1107,12.3,0.57,0.39,2.11,0.08,0.1,0.48,2.44,33.01,82.0,5.37,2.93,1.3,3.25,6.34,0.81,0.41,0.65,0.41,0.65
Mikel Jauregizar,Athletic Club,MF,21,19,13,1130,12.6,0.08,0.03,0.8,0.0,0.08,0.11,3.11,46.19,83.4,5.18,0.72,0.8,0.4,1.12,3.35,1.19,0.72,1.12,1.19
Aitor Paredes,Athletic Club,CB,24,13,13,1114,12.4,0.24,0.18,0.4,0.0,0.0,0.18,0.48,49.69,83.7,2.75,0.16,0.0,0.57,0.08,0.73,1.29,1.29,6.06,1.7
Yuri Berchiche,Athletic Club,FB,34,18,12,1184,13.2,0.0,0.03,0.76,0.0,0.08,0.11,1.37,58.45,83.2,6.23,1.82,0.38,0.61,2.66,1.37,1.06,0.99,2.74,1.14
Gorka Guruzeta,Athletic Club,FW,28,21,12,1111,12.3,0.41,0.28,2.59,0.16,0.04,0.32,1.46,20.41,76.2,1.22,0.32,0.49,3.56,3.4,0.81,0.41,1.7,1.05,1.7
Iñigo Ruiz de Galarreta,Athletic Club,MF,31,16,12,950,10.6,0.0,0.01,0.28,0.19,0.2,0.22,3.32,52.48,83.2,8.62,1.42,0.95,0.47,2.37,2.18,0.76,0.57,0.76,0.28
Óscar de Marcos,Athletic Club,FB,35,17,11,1035,11.5,0.0,0.01,0.26,0.35,0.15,0.16,2.52,58.78,78.1,5.3,1.48,0.09,0.61,4.52,2.0,1.04,0.96,2.26,0.52
Yeray Álvarez,Athletic Club,CB,30,12,11,992,11.0,0.0,0.02,0.45,0.0,0.02,0.04,1.09,57.79,82.9,5.99,1.18,0.36,0.73,0.0,1.63,1.91,0.54,4.26,1.91
Beñat Prados,Athletic Club,MF,23,17,11,923,10.3,0.1,0.07,1.07,0.0,0.02,0.09,0.88,44.66,81.9,3.61,0.98,0.29,1.07,2.15,2.05,1.95,1.37,1.76,1.37
Andoni Gorosabel,Athletic Club,FB,28,10,8,682,7.6,0.0,0.04,0.26,0.13,0.13,0.18,2.51,53.18,85.6,3.43,1.32,0.26,0.92,3.43,2.51,0.66,1.19,3.3,0.79
Adama Boiro,Athletic Club,FB,22,10,8,611,6.8,0.0,0.01,0.29,0.0,0.01,0.03,0.74,40.65,80.4,3.09,1.47,0.59,0.59,1.77,1.77,1.18,0.88,2.95,1.47
Unai Gómez,Athletic Club,AM,21,20,6,677,7.5,0.13,0.13,1.33,0.27,0.09,0.23,2.13,23.13,67.2,2.13,1.33,1.2,1.73,3.72,0.8,0.27,1.06,1.06,2.53
Mikel Vesga,Athletic Club,MF,31,15,6,574,6.4,0.0,0.05,0.47,0.0,0.08,0.13,1.88,53.31,81.5,7.06,0.63,0.31,1.1,2.67,1.88,1.57,1.1,1.72,1.88
Iñigo Lekue,Athletic Club,FB,31,8,5,452,5.0,0.0,0.0,0.0,0.0,0.04,0.04,1.39,52.77,75.8,4.78,1.59,0.8,0.2,2.39,1.79,0.8,0.8,2.99,0.6
Álvaro djaló,Athletic Club,FW,25,13,4,457,5.1,0.2,0.16,2.76,0.0,0.14,0.3,1.58,15.75,67.5,1.38,3.15,1.97,3.74,8.27,1.18,0.2,0.39,0.79,1.18
Sergi Cardona,Villarreal,FB,25,21,21,1862,20.7,0.05,0.1,0.77,0.24,0.21,0.31,2.37,45.24,78.1,2.18,1.74,0.34,2.08,5.7,1.98,1.16,1.64,3.19,1.35
Kiko Femenía,Villarreal,FB,34,20,20,1680,18.7,0.0,0.02,0.16,0.05,0.06,0.08,2.04,61.77,88.7,4.71,2.36,0.86,0.48,1.98,1.93,1.61,0.8,2.04,0.21
Alex Baena,Villarreal,MF,23,20,19,1640,18.2,0.27,0.24,2.25,0.27,0.39,0.63,6.2,45.77,66.1,6.59,2.74,0.55,2.96,5.43,0.88,0.88,1.43,0.77,0.55
Santi Comesaña,Villarreal,MF,28,20,18,1506,16.7,0.18,0.11,0.96,0.12,0.08,0.19,2.93,50.32,87.1,6.04,1.49,0.6,1.97,2.09,2.81,0.78,1.97,1.49,0.9
Pape Gueye,Villarreal,MF,26,20,16,1391,15.5,0.06,0.12,2.14,0.0,0.05,0.17,1.94,44.39,79.6,6.21,1.62,0.32,2.72,3.36,2.39,1.1,0.91,1.94,1.16
Daniel Parejo,Villarreal,MF,35,20,16,1352,15.0,0.13,0.03,0.4,0.07,0.03,0.07,2.86,62.84,88.3,7.39,0.53,0.4,0.47,1.2,2.0,0.73,0.8,1.4,1.2
Thierno Barry,Villarreal,FW,22,21,15,1371,15.2,0.46,0.55,3.22,0.2,0.14,0.7,2.04,13.52,62.1,1.05,1.44,0.46,4.99,5.38,0.53,0.0,0.85,0.46,4.14
Logan Costa,Villarreal,CB,23,16,15,1321,14.7,0.14,0.04,0.61,0.0,0.02,0.06,0.82,53.89,87.2,3.88,0.95,0.0,0.61,0.55,1.43,0.61,0.95,3.47,1.64
Raúl Albiol,Villarreal,CB,39,15,14,1188,13.2,0.0,0.01,0.15,0.0,0.0,0.01,0.38,61.59,89.4,2.58,0.23,0.0,0.23,0.0,0.76,0.45,0.76,5.23,2.2
Yeremi Pino,Villarreal,MF,22,19,13,1031,11.5,0.09,0.2,1.48,0.26,0.29,0.49,3.58,33.08,72.8,2.79,2.18,1.4,5.41,11.26,2.71,0.35,1.75,0.61,0.52
Ayoze Pérez,Villarreal,FW,31,15,8,839,9.3,0.97,0.57,3.54,0.0,0.14,0.72,3.43,19.2,79.9,3.43,3.33,1.61,6.01,5.58,1.29,0.32,0.97,0.86,0.54
Ilias Akhomach,Villarreal,MF,20,11,7,584,6.5,0.15,0.09,2.62,0.0,0.15,0.25,4.47,28.51,73.5,1.85,4.62,2.93,4.47,9.86,1.85,0.46,1.23,2.0,0.92
Eric Bailly,Villarreal,CB,30,9,7,579,6.4,0.0,0.05,0.62,0.0,0.0,0.05,0.31,46.17,87.5,2.64,0.16,0.47,0.78,0.0,1.71,0.93,1.71,3.73,1.55
Nicolas Pépé,Villarreal,FW,29,14,6,641,7.1,0.14,0.28,3.23,0.28,0.13,0.41,2.95,39.45,81.1,4.07,3.93,1.68,5.2,8.99,0.56,0.42,0.42,0.56,1.12
Gerard Moreno,Villarreal,FW,32,12,6,599,6.7,0.0,0.27,3.46,0.15,0.45,0.74,5.41,36.36,76.9,6.61,1.65,1.5,6.31,7.51,1.05,0.3,0.0,0.75,2.25
Arnaut Danjuma,Villarreal,FW,28,3,3,200,2.2,0.27,0.23,1.89,0.0,0.06,0.29,1.89,26.73,74.1,2.34,5.22,1.17,4.77,11.43,0.81,0.09,0.54,0.18,0.18
Florian Lejeune,Rayo Vallecano,CB,33,22,22,1975,21.9,0.0,0.1,1.59,0.09,0.04,0.14,0.77,51.04,82.2,3.55,0.77,0.14,1.14,0.23,1.23,0.77,1.09,4.83,2.14
Abdul Mumin,Rayo Vallecano,CB,26,20,20,1713,19.0,0.11,0.02,0.37,0.05,0.01,0.03,0.42,46.97,81.9,1.58,0.47,0.16,0.53,0.16,1.73,1.1,1.84,6.09,1.42
Andrei Ratiu,Rayo Vallecano,FB,26,20,19,1728,19.2,0.05,0.07,1.04,0.1,0.17,0.23,2.45,48.33,81.3,3.8,3.23,2.03,2.03,4.48,2.24,0.83,0.94,2.03,0.42
Jorge de Frutos,Rayo Vallecano,MF,27,22,18,1546,17.2,0.23,0.23,2.04,0.12,0.15,0.37,2.5,25.38,69.3,2.1,3.09,1.4,3.9,7.39,1.34,0.7,0.64,0.93,0.41
Isaac Palazón Camacho,Rayo Vallecano,FW,30,22,16,1391,15.5,0.19,0.17,2.2,0.19,0.15,0.32,3.95,38.69,76.3,4.27,1.1,1.04,1.36,4.72,1.29,0.52,0.78,0.65,0.58
Unai López,Rayo Vallecano,MF,29,19,15,1096,12.2,0.25,0.11,1.15,0.0,0.03,0.14,2.22,63.72,84.4,5.75,0.82,0.66,1.07,2.14,1.48,1.56,0.99,0.99,0.41
Óscar Valentín,Rayo Vallecano,MF,30,22,14,1344,14.9,0.0,0.03,0.2,0.0,0.05,0.07,2.08,37.37,80.1,4.29,0.47,0.33,0.74,0.47,2.88,1.41,1.74,2.81,1.81
Pep Chavarría,Rayo Vallecano,FB,26,18,14,1290,14.3,0.0,0.04,0.28,0.07,0.06,0.1,1.6,55.74,80.0,4.26,1.81,0.35,0.91,4.6,1.67,1.33,1.88,4.6,0.77
Álvaro García,Rayo Vallecano,AM,32,20,13,1230,13.7,0.15,0.19,1.68,0.15,0.22,0.41,4.17,31.68,62.8,3.15,2.78,0.37,3.44,9.07,1.9,1.39,1.02,1.9,0.37
Sergio Camello,Rayo Vallecano,FW,23,22,13,1115,12.4,0.24,0.33,2.58,0.16,0.16,0.49,3.07,21.15,78.6,2.18,1.53,1.05,3.71,5.41,0.73,0.32,0.65,1.29,0.89
Adri Embarba,Rayo Vallecano,MF,32,20,13,1068,11.9,0.08,0.11,2.02,0.08,0.13,0.24,2.44,33.12,63.1,2.78,2.53,0.84,2.87,5.81,2.19,0.67,1.01,0.76,0.67
Pathé Ciss,Rayo Vallecano,MF,30,18,10,962,10.7,0.19,0.12,1.22,0.09,0.07,0.2,2.62,49.49,83.6,5.71,0.84,0.75,0.75,0.84,2.62,1.4,1.68,2.81,2.34
Randy Nteka,Rayo Vallecano,FW,27,17,9,717,8.0,0.38,0.25,1.51,0.0,0.06,0.31,1.88,19.96,63.5,0.75,0.88,0.38,3.39,3.51,1.26,0.38,1.13,1.26,3.01
Iván Balliu,Rayo Vallecano,FB,33,17,7,743,8.3,0.0,0.0,0.0,0.0,0.05,0.05,1.33,44.21,73.7,3.03,0.73,0.24,0.61,1.33,1.21,0.85,0.97,2.54,0.97
Gerard Gumbau,Rayo Vallecano,MF,30,11,4,473,5.3,0.0,0.1,1.14,0.19,0.19,0.29,3.23,39.96,68.6,3.42,0.19,0.19,1.14,3.04,2.47,0.57,1.14,1.9,1.9
Juanpe,Rayo Vallecano,CB,23,0,0,0,0.0,0.0,0.0,0.18,0.0,0.02,0.02,0.36,70.83,87.2,4.44,0.36,0.0,0.0,0.0,1.42,1.24,1.78,6.57,3.2
Miguel Gutiérrez,Girona,FB,23,19,19,1643,18.3,0.05,0.07,1.1,0.22,0.19,0.26,2.74,59.16,84.1,4.38,2.41,1.04,2.03,7.89,1.59,0.66,0.49,1.21,0.22
Arnau Martinez,Girona,FB,21,19,17,1518,16.9,0.12,0.06,0.77,0.12,0.11,0.17,2.13,68.77,86.6,6.76,1.54,0.71,2.19,3.85,1.42,0.77,0.47,2.43,1.13
Bryan Gil,Girona,AM,23,20,17,1395,15.5,0.19,0.14,1.94,0.19,0.18,0.32,2.97,41.29,81.3,4.06,3.94,2.13,4.58,11.35,1.94,0.58,1.42,0.52,0.0
Daley Blind,Girona,CB,34,18,16,1385,15.4,0.0,0.01,0.26,0.07,0.05,0.06,1.43,93.57,88.9,10.07,2.4,0.52,0.71,1.75,1.69,1.04,1.3,2.99,0.71
Iván Martín,Girona,MF,25,18,16,1348,15.0,0.07,0.06,0.33,0.07,0.12,0.18,2.67,65.83,90.7,6.08,2.54,1.07,0.67,2.54,1.4,0.47,0.93,0.67,0.13
Donny van de Beek,Girona,AM,27,18,13,1107,12.3,0.16,0.1,1.06,0.16,0.24,0.34,1.71,29.27,81.9,2.85,1.06,0.41,3.9,5.94,1.87,0.33,1.3,0.65,0.49
Yangel Herrera,Girona,MF,27,15,13,1078,12.0,0.17,0.15,1.34,0.17,0.08,0.23,2.34,49.34,82.6,5.51,1.0,0.92,2.0,3.51,3.01,1.67,0.75,2.25,2.0
Abel Ruiz,Girona,FW,25,16,13,1034,11.5,0.26,0.26,1.74,0.0,0.03,0.29,0.78,18.02,86.5,1.39,1.39,0.44,4.35,4.79,0.35,0.17,0.35,0.35,0.61
Ladislav Krejčí,Girona,CB,25,13,12,1090,12.1,0.17,0.11,0.74,0.0,0.01,0.11,0.91,87.36,90.0,5.37,1.57,0.0,0.83,0.33,0.74,1.24,0.91,3.22,1.65
Oriol Romeu,Girona,MF,33,14,11,878,9.8,0.0,0.01,0.21,0.0,0.01,0.02,1.03,60.27,90.5,5.13,1.13,0.21,0.31,0.51,2.77,0.62,1.33,1.03,0.82
Arnaut Danjuma,Girona,FW,28,15,9,800,8.9,0.27,0.23,1.89,0.0,0.06,0.29,1.89,26.73,74.1,2.34,5.22,1.17,4.77,11.43,0.81,0.09,0.54,0.18,0.18
Yaser Asprilla,Girona,AM,21,13,9,795,8.8,0.23,0.15,2.38,0.0,0.15,0.28,4.42,46.3,74.1,6.34,4.19,1.58,3.4,9.74,1.47,0.34,0.57,0.45,0.11
Bojan Miovski,Girona,FW,25,10,9,637,7.1,0.28,0.37,1.55,0.14,0.01,0.4,0.99,11.3,78.8,0.28,0.42,0.14,2.97,3.96,0.85,0.28,0.57,0.99,0.99
Viktor Tsyhankov,Girona,AM,27,11,8,667,7.4,0.13,0.12,1.21,0.27,0.19,0.31,2.83,45.47,76.3,4.05,2.43,0.67,3.64,11.06,0.81,0.94,0.13,0.67,0.4
Alejandro Francés,Girona,FB,22,10,7,620,6.9,0.0,0.03,0.73,0.0,0.0,0.03,1.45,65.9,85.2,5.23,1.31,0.44,0.73,1.6,2.9,1.6,1.02,3.63,0.29
Juanpe,Girona,CB,33,7,6,507,5.6,0.0,0.0,0.18,0.0,0.02,0.02,0.36,70.83,87.2,4.44,0.36,0.0,0.0,0.0,1.42,1.24,1.78,6.57,3.2
Aimar Oroz,Osasuna,MF,23,22,21,1765,19.6,0.1,0.13,1.48,0.05,0.09,0.21,2.75,32.69,81.4,4.84,2.09,1.38,2.14,4.23,1.02,0.82,1.12,0.1,0.46
Jesús Areso,Osasuna,FB,25,21,20,1801,20.0,0.0,0.01,0.25,0.05,0.09,0.09,2.0,46.87,70.4,3.15,3.25,0.75,0.65,5.95,1.45,0.3,1.0,2.95,0.6
Catena,Osasuna,CB,30,20,20,1800,20.0,0.0,0.05,0.45,0.05,0.03,0.08,0.55,43.65,79.7,2.8,0.4,0.2,1.0,0.1,1.45,0.9,1.05,6.5,2.05
Lucas Torró,Osasuna,MF,30,20,20,1710,19.0,0.16,0.06,0.68,0.0,0.02,0.08,1.0,42.84,75.2,3.37,0.26,0.21,1.26,1.16,2.32,1.53,1.37,2.05,4.84
Enzo Boyomo,Osasuna,CB,23,19,19,1682,18.7,0.05,0.02,0.28,0.0,0.03,0.06,0.32,44.35,87.4,3.09,0.46,0.32,0.55,0.05,1.98,1.01,1.29,3.87,1.01
Ante Budimir,Osasuna,FW,33,22,19,1630,18.1,0.44,0.33,2.65,0.06,0.05,0.38,1.55,14.08,55.3,0.94,0.88,0.44,5.41,3.98,0.72,0.06,0.72,0.66,4.91
Rubén García,Osasuna,AM,31,21,17,1344,14.9,0.13,0.09,1.0,0.27,0.09,0.19,3.08,44.13,73.6,4.42,1.07,0.47,2.75,5.56,2.28,0.67,1.54,1.61,1.14
Jon Moncayola,Osasuna,MF,26,20,16,1327,14.7,0.0,0.06,1.02,0.0,0.14,0.2,2.85,41.37,72.1,4.14,1.02,0.2,1.56,2.37,2.71,0.61,1.63,1.02,0.68
Bryan Zaragoza,Osasuna,AM,23,16,13,1056,11.7,0.09,0.15,1.53,0.43,0.16,0.32,3.32,22.84,59.0,2.22,5.2,2.81,4.01,7.24,0.94,0.0,0.6,0.68,0.0
Abel,Osasuna,FB,24,21,12,1258,14.0,0.14,0.03,0.64,0.0,0.04,0.07,1.0,44.64,68.8,3.29,2.22,0.86,0.72,3.43,2.07,0.79,1.36,2.65,1.07
Juan Cruz Armada,Osasuna,FB,32,14,11,859,9.5,0.0,0.01,0.31,0.0,0.0,0.01,0.84,40.55,74.7,3.14,0.73,0.1,0.42,1.05,1.47,0.52,0.94,3.56,0.63
Pablo Ibáñez,Osasuna,MF,26,17,6,693,7.7,0.0,0.17,1.69,0.13,0.19,0.36,1.43,37.66,76.2,4.16,1.43,0.91,2.86,1.95,1.43,1.56,1.69,1.95,1.69
Jorge Herrando,Osasuna,CB,23,9,6,556,6.2,0.0,0.05,0.32,0.0,0.0,0.05,0.16,49.69,79.8,2.59,0.49,0.0,0.49,0.16,0.65,0.16,1.3,4.53,2.43
Rubén Peña,Osasuna,AM,33,16,5,509,5.7,0.0,0.11,1.41,0.0,0.05,0.16,2.12,27.94,55.1,2.12,2.12,1.41,2.65,5.13,1.06,0.71,1.41,1.77,0.71
Raúl,Osasuna,FW,24,21,4,578,6.4,0.31,0.28,2.49,0.0,0.09,0.36,1.71,19.46,65.6,1.87,1.56,1.56,4.36,5.29,1.09,0.0,0.47,0.47,2.18
Moi Gómez,Osasuna,MF,30,16,4,524,5.8,0.0,0.02,0.34,0.0,0.07,0.09,1.55,50.67,78.6,5.67,1.2,1.55,0.86,1.72,1.72,0.86,0.52,0.69,0.86
Antonio Raillo,Mallorca,CB,33,21,21,1857,20.6,0.05,0.06,0.87,0.0,0.06,0.12,0.73,49.43,88.2,3.05,0.92,0.1,1.79,0.63,0.87,1.07,1.31,4.85,3.83
Samu Costa,Mallorca,MF,24,19,19,1591,17.7,0.0,0.07,1.24,0.11,0.06,0.14,1.92,50.97,81.2,4.24,0.79,0.28,1.24,2.55,3.0,1.13,1.47,2.83,2.49
Johan Mojica,Mallorca,FB,32,21,18,1661,18.5,0.05,0.04,0.54,0.05,0.12,0.16,2.55,50.17,74.4,4.55,1.73,1.25,0.49,4.01,1.25,1.03,0.27,2.55,0.33
Sergi Darder,Mallorca,MF,31,22,18,1400,15.6,0.0,0.1,1.22,0.06,0.1,0.19,3.15,40.69,75.2,4.56,1.74,0.9,1.22,3.47,1.67,0.51,0.64,0.9,0.45
Martin Valjent,Mallorca,CB,29,17,17,1503,16.7,0.0,0.02,0.36,0.0,0.0,0.02,0.66,44.67,85.1,2.93,0.54,0.24,0.36,0.54,0.9,0.78,0.72,5.33,1.38
Cyle Larin,Mallorca,FW,29,19,16,1186,13.2,0.3,0.3,1.82,0.15,0.1,0.4,1.14,15.94,66.7,0.76,0.76,0.15,3.57,5.01,0.53,0.08,0.76,0.61,2.73
Dani Rodríguez,Mallorca,AM,36,22,15,1240,13.8,0.22,0.14,1.23,0.29,0.16,0.29,2.25,30.99,66.7,3.34,1.96,0.8,2.03,4.06,2.03,0.44,0.8,1.31,1.09
Pablo Maffeo,Mallorca,FB,27,16,15,1230,13.7,0.0,0.01,0.37,0.07,0.23,0.24,2.63,40.32,70.4,2.71,1.46,1.61,0.59,4.32,2.2,1.02,1.24,3.07,0.59
Vedat Muriqi,Mallorca,FW,30,17,13,1201,13.3,0.22,0.34,2.25,0.15,0.08,0.42,2.1,21.58,63.5,1.72,0.82,0.3,4.95,4.5,0.07,0.37,0.15,1.72,6.44
Manu Morlanes,Mallorca,MF,26,16,12,1031,11.5,0.0,0.03,0.79,0.0,0.02,0.05,2.36,45.48,88.5,5.59,1.22,0.09,0.44,2.36,2.79,2.01,1.57,1.31,0.7
Roberto Navarro,Mallorca,MF,22,19,12,1031,11.5,0.09,0.1,1.13,0.0,0.1,0.2,2.97,33.17,74.7,3.14,3.49,2.1,2.79,6.11,2.44,1.4,1.31,0.7,0.35
Omar Mascarell,Mallorca,MF,32,18,11,1071,11.9,0.0,0.02,0.25,0.0,0.01,0.02,0.59,42.1,86.4,3.45,0.59,0.5,0.17,0.34,1.34,2.35,1.43,3.11,1.76
Antonio Sánchez,Mallorca,MF,28,19,7,862,9.6,0.0,0.07,0.94,0.0,0.06,0.14,1.15,36.13,72.8,2.61,1.15,0.73,1.04,3.45,1.77,1.25,1.15,2.51,0.31
Copete,Mallorca,CB,25,15,7,747,8.3,0.0,0.05,0.48,0.0,0.0,0.05,0.6,44.46,84.3,2.77,0.72,0.24,0.72,0.12,1.2,0.6,0.96,6.63,1.57
Takuma Asano,Mallorca,AM,30,11,5,463,5.1,0.0,0.19,2.33,0.0,0.0,0.19,1.36,20.02,60.2,1.94,3.3,0.58,4.67,6.61,1.36,0.78,0.97,0.78,0.78
Diego Llorente,Betis,CB,31,21,21,1854,20.6,0.0,0.03,0.29,0.0,0.01,0.04,0.63,57.52,86.2,2.96,0.19,0.29,0.68,0.15,1.12,1.84,1.02,5.34,2.57
Abde Ezzalzouli,Betis,AM,23,22,18,1504,16.7,0.06,0.37,2.75,0.06,0.1,0.46,2.93,34.53,70.2,3.23,5.45,2.45,6.94,9.45,1.86,0.3,1.02,0.66,1.14
Romain Perraud,Betis,FB,27,19,15,1372,15.2,0.07,0.02,0.79,0.0,0.05,0.07,1.38,54.05,78.4,2.95,2.49,0.52,1.12,5.38,1.77,1.18,0.92,3.15,0.46
Sergi Altimira,Betis,MF,23,19,14,1267,14.1,0.0,0.09,0.99,0.07,0.1,0.19,2.34,56.12,88.1,4.83,0.92,0.64,0.71,1.21,2.98,0.99,1.49,1.85,0.36
Vitor Roque,Betis,FW,19,19,14,1182,13.1,0.3,0.46,3.05,0.0,0.08,0.55,2.36,13.78,71.3,1.22,1.68,0.69,4.11,4.04,0.84,0.53,0.38,0.3,1.14
Natan,Betis,CB,24,17,12,1137,12.6,0.0,0.02,0.55,0.0,0.05,0.06,0.32,57.39,88.0,2.77,0.79,0.0,1.19,0.47,1.74,1.27,1.03,4.99,3.09
Johnny Cardoso,Betis,MF,23,15,12,1095,12.2,0.0,0.07,0.58,0.08,0.07,0.12,1.4,44.71,83.6,3.12,0.49,1.07,0.74,1.4,2.22,2.22,1.56,3.29,1.07
Pablo Fornals,Betis,AM,28,15,12,1047,11.6,0.09,0.12,1.38,0.0,0.18,0.29,5.07,48.91,76.4,7.31,1.38,0.43,2.06,5.16,0.95,1.2,1.55,0.77,1.29
Youssouf Sabaly,Betis,FB,31,14,12,1018,11.3,0.0,0.01,0.27,0.0,0.04,0.04,1.06,52.96,85.0,3.01,1.06,0.71,1.68,3.18,2.21,0.88,0.88,2.65,0.35
Marc Bartra,Betis,CB,34,12,11,1016,11.3,0.18,0.07,0.8,0.0,0.0,0.07,0.44,52.18,78.3,3.1,0.35,0.35,0.89,0.09,1.33,2.04,1.42,6.29,2.13
Giovani Lo Celso,Betis,AM,28,14,10,971,10.8,0.46,0.16,2.13,0.09,0.32,0.47,5.56,58.58,76.9,8.71,1.3,1.3,3.24,4.17,2.41,0.46,0.74,0.28,0.37
Marc Roca,Betis,MF,28,12,10,804,8.9,0.0,0.06,1.01,0.11,0.04,0.1,2.46,52.95,86.5,5.82,1.12,0.45,1.46,1.12,1.79,1.34,1.79,1.23,0.45
Aitor Ruibal,Betis,FB,28,16,7,640,7.1,0.0,0.08,1.27,0.28,0.18,0.27,3.38,34.88,81.0,2.95,1.83,1.13,2.53,5.48,1.69,1.13,1.27,1.83,0.56
Ezequiel Ávila,Betis,AM,31,15,6,574,6.4,0.31,0.24,3.14,0.0,0.16,0.39,4.55,31.05,71.7,2.82,1.88,0.63,5.17,6.43,1.1,0.16,0.63,0.78,0.63
Héctor Bellerín,Betis,FB,29,7,6,524,5.8,0.0,0.03,0.17,0.17,0.34,0.38,1.89,52.21,81.6,4.12,0.52,1.03,1.72,3.44,2.06,1.03,0.69,3.09,1.03
Ricardo Rodríguez,Betis,FB,32,8,6,464,5.2,0.0,0.0,0.0,0.0,0.02,0.02,1.16,54.5,76.9,4.07,0.78,0.58,0.19,2.91,2.72,0.78,0.58,2.52,1.55
Isco,Betis,AM,32,7,5,457,5.1,0.2,0.22,1.38,0.2,0.12,0.35,4.33,53.76,78.8,7.29,2.17,1.58,4.14,7.88,0.98,0.39,1.18,0.39,0.98
Martín Zubimendi,Real Sociedad,MF,26,21,20,1804,20.0,0.05,0.08,0.7,0.05,0.03,0.12,1.65,55.98,83.2,6.69,1.35,0.7,1.75,1.5,2.44,1.5,1.45,2.44,1.9
Igor Zubeldia,Real Sociedad,CB,27,19,19,1642,18.2,0.0,0.02,0.49,0.0,0.02,0.04,0.77,59.25,85.6,3.95,0.88,0.05,0.6,0.16,1.48,1.26,1.37,3.67,2.85
Sergio Gómez,Real Sociedad,MF,24,21,18,1590,17.7,0.0,0.03,0.57,0.23,0.31,0.34,3.74,52.81,76.1,3.91,1.64,0.74,1.42,5.09,2.66,0.62,1.53,1.02,0.57
Mikel Oyarzabal,Real Sociedad,FW,27,20,18,1345,14.9,0.13,0.23,1.67,0.13,0.15,0.38,1.34,19.27,72.2,0.94,1.0,0.13,3.95,5.35,1.0,0.13,0.6,0.54,1.2
Jon Aramburu,Real Sociedad,FB,22,19,17,1467,16.3,0.0,0.01,0.31,0.0,0.05,0.06,1.1,56.56,77.8,3.99,1.04,0.31,0.74,1.9,3.93,1.35,1.41,3.5,1.6
Takefusa Kubo,Real Sociedad,MF,23,22,16,1466,16.3,0.25,0.17,1.6,0.0,0.17,0.33,4.42,35.61,70.0,4.11,5.59,2.64,4.67,8.96,1.23,0.55,1.66,0.49,0.43
Nayef Aguerd,Real Sociedad,CB,28,16,16,1369,15.2,0.0,0.13,0.79,0.0,0.01,0.14,0.72,68.9,88.2,3.75,1.05,0.2,0.79,0.07,1.78,0.79,1.12,4.47,3.16
Luka Sučić,Real Sociedad,MF,22,17,15,1262,14.0,0.07,0.14,2.14,0.07,0.11,0.25,3.0,43.57,82.7,4.28,1.43,1.21,1.93,2.5,1.43,0.78,1.43,0.86,1.21
Brais Méndez,Real Sociedad,MF,28,19,14,1224,13.6,0.15,0.18,1.54,0.07,0.13,0.3,2.65,46.84,77.9,5.22,1.69,0.66,3.46,5.29,1.32,0.44,0.74,1.18,0.96
Javi López,Real Sociedad,FB,22,16,11,1051,11.7,0.0,0.01,0.34,0.0,0.03,0.04,0.94,48.55,79.9,3.43,1.97,0.94,0.77,2.83,1.88,0.26,1.03,2.83,0.6
Ander Barrenetxea,Real Sociedad,MF,23,18,8,776,8.6,0.12,0.16,2.2,0.23,0.13,0.29,3.02,37.35,72.4,3.71,3.48,1.51,5.45,12.18,1.86,0.81,1.28,1.51,0.81
Sheraldo Becker,Real Sociedad,MF,29,17,8,762,8.5,0.12,0.19,2.24,0.12,0.24,0.43,2.13,27.28,62.3,2.48,4.25,0.47,3.54,9.8,0.24,0.12,0.47,0.94,0.83
Beñat Turrientes,Real Sociedad,MF,23,13,8,606,6.7,0.0,0.06,0.74,0.0,0.01,0.07,0.89,39.21,86.0,4.31,1.93,1.04,1.04,3.86,1.78,0.59,1.78,0.89,1.19
Jon Pacheco,Real Sociedad,CB,24,11,7,629,7.0,0.0,0.01,0.14,0.0,0.0,0.01,0.43,54.37,83.9,2.86,1.57,0.0,0.72,0.0,1.43,0.86,1.0,5.15,2.29
Aihen Muñoz,Real Sociedad,FB,27,12,7,539,6.0,0.0,0.02,0.67,0.0,0.02,0.03,0.5,50.76,70.7,3.51,2.34,0.5,0.17,1.34,1.67,1.84,0.67,5.18,2.34
Aritz Elustondo,Real Sociedad,CB,30,9,5,457,5.1,0.0,0.06,0.39,0.0,0.02,0.1,1.18,62.82,84.0,3.35,1.58,0.2,1.18,0.59,1.77,0.59,1.18,4.14,1.77
Orri Steinn Óskarsson,Real Sociedad,FW,20,15,4,501,5.6,0.54,0.84,2.69,0.0,0.02,0.86,0.72,19.94,52.3,1.26,0.72,0.0,4.85,6.29,0.72,0.18,1.26,1.26,2.69
Carmona,Sevilla,FB,23,21,21,1840,20.4,0.0,0.01,0.64,0.0,0.06,0.08,1.66,57.96,82.4,3.42,0.98,0.49,0.59,1.13,2.54,2.3,1.03,2.64,0.98
Dodi Lukebakio,Sevilla,AM,27,22,21,1808,20.1,0.4,0.3,2.94,0.0,0.09,0.39,3.58,31.21,74.5,2.44,4.38,3.19,4.13,6.87,0.55,0.15,0.55,0.4,0.6
Nemanja Gudelj,Sevilla,CB,33,20,19,1709,19.0,0.0,0.02,0.68,0.05,0.03,0.05,1.47,54.14,85.9,2.37,0.53,0.16,0.16,0.26,1.53,1.11,1.0,3.0,1.84
Loïc Bade,Sevilla,CB,24,18,17,1551,17.2,0.06,0.02,0.52,0.06,0.03,0.06,0.75,64.93,85.6,1.86,0.35,0.52,0.7,0.17,2.09,1.04,0.81,4.29,2.32
Isaac Romero,Sevilla,FW,24,18,17,1400,15.6,0.13,0.24,2.38,0.13,0.11,0.35,1.61,19.29,70.3,1.09,0.96,0.84,4.31,4.5,0.45,0.19,0.84,1.09,1.41
Adrià Pedrosa,Sevilla,FB,26,16,14,1165,12.9,0.08,0.02,0.77,0.08,0.05,0.07,1.62,48.21,73.9,2.86,1.24,0.62,0.7,3.86,2.47,0.93,1.7,3.24,0.46
Albert Sambi Lokonga,Sevilla,MF,25,15,12,1117,12.4,0.0,0.02,0.56,0.16,0.04,0.06,1.69,58.01,89.7,5.48,1.53,0.24,0.89,1.13,1.45,0.56,0.64,1.45,1.93
Djibril Sow,Sevilla,MF,28,17,12,1093,12.1,0.08,0.15,1.07,0.08,0.05,0.19,2.47,43.97,87.5,5.43,1.07,0.25,1.56,2.55,0.66,0.91,0.41,0.74,1.24
Lucien Agoume,Sevilla,MF,22,20,12,1027,11.4,0.0,0.02,0.44,0.0,0.05,0.07,2.1,53.89,80.7,4.64,1.14,0.96,0.79,1.14,2.63,1.67,1.49,1.23,1.75
Kike Salas,Sevilla,CB,22,16,10,935,10.4,0.0,0.02,0.58,0.19,0.05,0.07,1.06,66.22,77.8,3.08,0.48,0.1,0.77,1.16,1.73,1.64,1.35,4.14,3.56
Peque,Sevilla,AM,22,16,10,785,8.7,0.0,0.16,1.15,0.11,0.14,0.3,2.75,26.83,79.5,2.52,1.03,0.69,2.64,3.1,1.03,0.8,1.26,0.46,0.57
Saúl Ñíguez,Sevilla,MF,30,11,9,810,9.0,0.11,0.22,3.22,0.44,0.19,0.41,3.56,38.11,79.3,4.0,0.78,0.56,3.89,2.89,2.89,1.11,1.78,1.33,1.67
Juanlu Sánchez,Sevilla,AM,21,17,8,755,8.4,0.24,0.16,1.07,0.24,0.1,0.25,1.91,33.26,81.4,2.98,1.79,0.24,2.03,3.58,1.67,0.95,0.6,0.95,0.95
Chidera Ejuke,Sevilla,AM,27,12,6,596,6.6,0.15,0.12,2.11,0.0,0.2,0.3,4.68,43.49,80.2,3.78,8.46,5.44,4.08,9.97,1.06,0.15,1.36,0.3,0.45
Tanguy Nianzou,Sevilla,CB,22,6,6,518,5.8,0.0,0.03,0.35,0.0,0.0,0.03,0.17,54.56,90.8,1.74,0.7,0.52,1.04,0.0,1.22,1.39,0.17,4.69,2.95
Marcão,Sevilla,CB,28,10,5,458,5.1,0.0,0.0,0.0,0.0,0.0,0.0,0.39,50.11,87.8,3.34,0.0,0.0,0.39,0.0,1.77,1.18,1.77,5.11,2.55
Carl Starfelt,Celta Vigo,CB,29,20,18,1626,18.1,0.06,0.02,0.22,0.0,0.01,0.02,0.61,61.77,93.1,2.21,0.17,0.0,0.5,0.06,1.33,1.38,1.16,5.04,2.21
Óscar Mingueza,Celta Vigo,MF,25,19,18,1498,16.6,0.12,0.04,0.96,0.3,0.26,0.3,3.12,68.25,75.1,5.29,2.64,1.02,1.38,5.65,1.2,0.66,0.96,1.32,0.42
Fran Beltrán,Celta Vigo,MF,26,18,17,1363,15.1,0.07,0.03,0.73,0.0,0.07,0.09,1.39,54.15,88.3,5.15,0.86,0.4,0.46,0.99,1.78,0.79,1.32,1.32,0.86
Borja Iglesias,Celta Vigo,FW,32,22,15,1197,13.3,0.38,0.35,1.73,0.0,0.08,0.44,1.5,21.2,73.0,1.2,0.6,0.6,3.38,4.06,0.45,0.23,0.53,0.45,0.6
Marcos Alonso,Celta Vigo,CB,34,16,14,1350,15.0,0.0,0.04,0.93,0.0,0.02,0.07,1.13,76.53,87.1,6.47,1.8,0.47,0.73,1.87,1.07,1.13,0.8,4.33,2.6
Javi Rodríguez,Celta Vigo,CB,21,20,13,1347,15.0,0.07,0.03,0.33,0.13,0.05,0.07,1.0,64.01,85.4,4.34,1.07,0.13,0.74,1.54,2.27,1.47,0.94,3.34,1.67
Hugo Álvarez,Celta Vigo,MF,21,21,13,1297,14.4,0.28,0.16,1.53,0.07,0.04,0.21,2.43,57.59,78.8,2.98,4.44,1.87,4.58,8.88,1.6,0.49,1.25,1.53,0.35
Iago Aspas,Celta Vigo,AM,37,16,13,1206,13.4,0.3,0.24,2.54,0.22,0.21,0.45,3.28,42.69,74.1,6.72,2.84,0.75,3.28,6.72,0.82,0.45,0.97,0.3,0.45
Ilaix Moriba,Celta Vigo,MF,22,19,13,1170,13.0,0.0,0.04,1.15,0.08,0.08,0.12,2.46,46.92,88.0,5.0,1.69,0.69,1.69,2.54,2.69,0.62,1.31,1.38,1.08
Jonathan Bamba,Celta Vigo,AM,28,12,10,811,9.0,0.0,0.09,1.44,0.11,0.2,0.29,3.11,40.39,78.8,3.33,3.44,1.66,2.33,7.88,1.33,0.55,0.67,0.67,0.55
Williot Swedberg,Celta Vigo,AM,21,20,9,849,9.4,0.21,0.41,2.01,0.32,0.2,0.61,2.44,24.7,70.0,1.59,1.91,0.53,4.98,7.53,1.17,0.21,0.95,0.42,0.64
Hugo Sotelo,Celta Vigo,MF,21,14,8,716,8.0,0.0,0.01,0.38,0.0,0.13,0.15,2.77,81.58,86.3,6.16,1.76,0.5,0.5,2.77,2.14,0.25,0.75,0.5,0.25
Pablo Durán,Celta Vigo,AM,23,12,7,628,7.0,0.57,0.23,1.58,0.14,0.14,0.37,1.86,27.95,68.2,1.58,2.01,0.43,4.44,8.31,1.29,0.86,0.72,0.43,0.57
Carlos Dominguez,Celta Vigo,CB,23,10,7,611,6.8,0.0,0.03,0.44,0.0,0.0,0.04,0.44,77.04,84.9,5.74,0.59,0.15,0.59,0.15,1.91,0.74,0.88,5.45,2.36
Sergio Carreira,Celta Vigo,MF,24,9,7,588,6.5,0.0,0.02,0.46,0.15,0.17,0.18,2.3,54.18,76.0,3.67,3.21,0.61,2.76,8.27,2.45,0.77,1.07,2.14,0.0
Javier Manquillo,Celta Vigo,CB,30,10,7,515,5.7,0.0,0.0,0.0,0.0,0.0,0.0,0.17,65.18,89.8,4.19,0.52,0.0,0.17,0.87,1.22,1.22,0.87,2.45,0.87
Anastasios Douvikas,Celta Vigo,FW,25,20,6,700,7.8,0.39,0.57,2.19,0.13,0.03,0.6,1.41,13.76,71.0,0.77,0.77,0.51,4.11,5.53,1.16,0.39,0.64,0.77,1.8
Damián Rodríguez,Celta Vigo,MF,21,12,6,655,7.3,0.0,0.0,0.14,0.0,0.07,0.08,2.34,74.34,87.6,5.63,0.55,0.0,0.55,0.69,1.37,0.69,0.69,1.24,0.0
Jailson Siqueira,Celta Vigo,CB,29,6,5,451,5.0,0.0,0.02,0.4,0.0,0.0,0.02,1.4,70.04,90.0,5.99,0.8,0.6,1.2,0.4,1.4,1.6,1.0,3.59,1.8
Alfon,Celta Vigo,AM,25,13,4,467,5.2,0.19,0.46,4.24,0.19,0.33,0.79,4.63,24.28,67.5,1.93,6.55,1.73,7.71,10.21,0.58,0.39,0.77,0.58,0.19
Luis Milla,Getafe,MF,30,21,21,1866,20.7,0.0,0.03,1.16,0.1,0.09,0.13,4.15,46.3,73.5,5.02,1.11,0.72,0.58,1.01,1.93,0.77,1.06,0.82,1.06
Omar Alderete,Getafe,CB,28,20,20,1783,19.8,0.0,0.03,1.11,0.0,0.05,0.08,1.31,36.55,68.2,3.89,1.11,0.35,1.26,0.2,1.41,1.36,1.21,5.45,2.93
Djené,Getafe,CB,33,20,20,1622,18.0,0.0,0.02,0.22,0.0,0.03,0.04,0.78,32.07,75.3,2.61,0.61,0.28,0.67,0.61,0.55,1.0,0.78,3.44,1.78
Diego Rico,Getafe,FB,31,20,19,1707,19.0,0.0,0.02,0.63,0.11,0.09,0.11,2.85,50.14,67.1,4.53,1.05,0.21,0.47,3.43,2.58,1.05,0.79,2.58,0.9
Chrisantus Uche,Getafe,FW,21,22,19,1655,18.4,0.11,0.16,2.12,0.11,0.08,0.25,3.05,20.28,66.5,1.69,1.69,1.52,3.86,5.55,1.03,0.27,0.6,0.65,3.37
Iglesias,Getafe,FB,26,22,18,1697,18.9,0.0,0.02,0.53,0.0,0.07,0.1,1.96,39.56,55.5,2.76,1.11,0.53,0.42,2.17,2.86,1.75,1.27,4.51,1.11
Mauro Arambarri,Getafe,MF,29,20,16,1371,15.2,0.2,0.16,1.64,0.0,0.02,0.18,1.71,26.98,70.8,2.49,0.53,0.59,2.63,1.31,1.18,0.39,0.98,1.51,2.63
Carles Pérez,Getafe,MF,26,19,14,1224,13.6,0.15,0.15,2.13,0.0,0.11,0.26,2.57,20.44,65.5,1.18,1.76,1.25,2.5,4.71,1.91,0.44,1.03,1.4,0.88
Alex Sola,Getafe,MF,25,19,13,1029,11.4,0.0,0.09,1.31,0.09,0.06,0.14,2.27,21.17,64.0,2.01,2.1,1.84,3.06,5.34,1.84,0.61,0.7,0.96,1.57
Bertuğ Yıldırım,Getafe,FW,22,16,12,924,10.3,0.1,0.23,1.75,0.0,0.09,0.31,1.56,14.32,54.4,0.97,0.58,0.58,3.8,3.51,0.58,0.1,0.88,1.17,6.14
Juan Berrocal,Getafe,CB,25,11,7,704,7.8,0.0,0.03,0.26,0.0,0.0,0.03,0.64,34.77,75.7,2.05,0.13,0.0,0.64,0.13,1.41,1.15,0.26,4.47,3.07
Domingos Duarte,Getafe,CB,29,8,7,632,7.0,0.0,0.0,0.14,0.0,0.01,0.01,0.43,34.18,80.8,2.71,0.43,0.0,0.28,0.14,1.14,0.71,1.71,7.26,1.14
Coba da Costa,Getafe,MF,22,8,7,570,6.3,0.16,0.11,1.74,0.16,0.09,0.21,2.05,21.16,59.7,1.11,3.32,0.95,3.63,6.0,2.53,0.63,2.37,0.63,1.58
Allan Nyom,Getafe,FB,36,9,7,564,6.3,0.16,0.08,1.28,0.16,0.05,0.11,1.6,39.26,80.5,2.71,0.64,0.32,1.91,2.71,1.6,0.32,0.32,2.23,0.8
Carles Aleñá,Getafe,MF,27,10,5,452,5.0,0.0,0.18,1.0,0.0,0.02,0.2,1.59,23.3,79.5,2.39,0.6,0.6,1.99,1.99,1.19,0.0,1.79,1.39,1.99
Álvaro Rodríguez,Getafe,FW,20,13,4,514,5.7,0.35,0.11,2.28,0.0,0.04,0.14,1.05,22.94,51.9,1.23,0.18,1.58,5.08,5.6,1.23,0.53,3.33,1.75,9.46
Kirian Rodríguez,Las Palmas,MF,28,21,21,1758,19.5,0.0,0.08,1.08,0.15,0.08,0.15,2.51,61.64,85.2,6.55,1.28,0.56,0.77,2.0,1.69,0.51,1.13,1.08,0.67
Alberto Moleiro,Las Palmas,AM,21,21,19,1609,17.9,0.22,0.23,2.46,0.0,0.13,0.36,4.14,33.9,81.8,4.08,3.13,2.29,3.13,6.49,1.01,0.5,1.06,0.28,0.17
Álex Suárez,Las Palmas,CB,31,19,19,1603,17.8,0.0,0.01,0.06,0.0,0.01,0.01,0.56,51.93,86.2,1.8,0.06,0.0,0.45,0.06,1.57,0.34,1.52,4.15,1.12
Scott McKenna,Las Palmas,CB,28,18,17,1538,17.1,0.0,0.05,0.29,0.0,0.01,0.05,0.47,51.67,85.7,0.99,0.23,0.06,0.59,0.06,0.7,0.35,1.64,5.97,2.93
Javier Muñoz,Las Palmas,MF,29,22,16,1531,17.0,0.0,0.03,0.65,0.12,0.09,0.12,1.7,43.5,79.2,3.82,0.94,0.59,0.82,2.47,2.0,1.18,0.94,1.59,0.41
Fábio Silva,Las Palmas,FW,22,17,16,1293,14.4,0.42,0.35,2.51,0.14,0.06,0.4,1.95,22.07,63.7,1.25,1.67,1.04,5.01,5.92,0.49,0.21,0.7,1.32,2.58
Sandro Ramírez,Las Palmas,AM,29,18,15,1227,13.6,0.51,0.18,2.35,0.22,0.15,0.34,2.42,28.24,63.9,1.98,2.49,0.81,3.23,4.99,1.25,0.88,0.73,1.17,0.59
Mika Màrmol,Las Palmas,FB,22,16,14,1229,13.7,0.0,0.01,0.51,0.07,0.09,0.1,1.39,56.17,78.5,3.73,0.95,0.37,0.81,1.46,2.12,1.68,2.12,4.17,0.88
Dario Essugo,Las Palmas,MF,19,14,14,1101,12.2,0.08,0.02,1.06,0.0,0.02,0.05,1.96,49.37,86.8,4.33,0.98,0.82,0.33,0.49,2.78,1.96,1.06,2.13,1.31
Álex Muñoz,Las Palmas,FB,30,14,12,983,10.9,0.27,0.06,0.64,0.0,0.04,0.11,0.82,54.38,82.0,3.11,0.92,0.09,1.28,3.39,2.66,1.28,1.83,4.39,1.56
Viti,Las Palmas,FB,27,15,10,916,10.2,0.0,0.0,0.0,0.1,0.07,0.07,1.18,44.31,82.3,2.06,1.77,0.2,1.08,3.05,3.34,1.67,1.38,2.85,1.08
José Campaña,Las Palmas,MF,31,13,10,719,8.0,0.0,0.01,0.38,0.25,0.08,0.09,2.63,65.59,87.2,6.26,0.5,0.75,0.38,1.13,1.63,1.88,0.25,1.5,1.25
Oliver McBurnie,Las Palmas,FW,28,18,7,764,8.5,0.0,0.12,1.41,0.35,0.19,0.31,2.59,26.03,69.7,1.65,0.35,0.94,4.59,5.07,0.82,0.47,0.47,1.18,4.48
Juan Herzog,Las Palmas,CB,21,8,7,557,6.2,0.0,0.03,0.48,0.0,0.0,0.03,0.0,48.47,85.3,1.78,0.0,0.0,1.13,0.0,1.13,1.29,0.97,4.85,2.26
Marvin,Las Palmas,FB,24,10,6,536,6.0,0.0,0.02,0.17,0.0,0.1,0.12,0.67,43.49,74.9,2.85,2.85,0.17,1.34,5.04,2.01,0.84,1.51,2.69,0.84
Manuel Fuster,Las Palmas,AM,27,16,5,558,6.2,0.16,0.06,1.77,0.0,0.16,0.23,5.0,49.68,78.9,4.52,1.61,0.48,2.1,8.39,1.45,0.16,0.97,1.77,0.48
Sergi,Leganés,CB,32,22,21,1886,21.0,0.1,0.05,0.33,0.0,0.02,0.07,0.38,48.2,83.8,2.24,0.14,0.14,0.48,0.05,1.19,1.43,1.19,5.82,1.53
Seydouba Cissé,Leganés,MF,23,20,18,1426,15.8,0.13,0.07,0.69,0.0,0.02,0.08,1.58,41.34,84.0,3.98,0.95,1.45,0.76,1.64,1.96,0.44,1.01,1.58,0.88
Yvan Neyou,Leganés,MF,28,18,17,1470,16.3,0.06,0.03,0.73,0.06,0.01,0.04,0.98,40.78,85.1,3.37,1.04,0.86,0.31,0.98,2.51,1.04,1.29,1.59,0.8
Valentin Rosier,Leganés,FB,28,19,15,1453,16.1,0.0,0.01,0.37,0.06,0.03,0.04,0.87,39.77,76.3,1.55,1.18,0.93,0.74,2.48,2.85,1.61,1.05,5.64,0.93
Matija Nastasić,Leganés,CB,31,17,15,1389,15.4,0.06,0.01,0.13,0.0,0.0,0.01,0.19,35.05,81.7,2.27,0.0,0.06,0.32,0.0,1.04,0.84,2.14,7.13,1.36
Miguel,Leganés,FW,25,21,15,1364,15.2,0.0,0.16,1.65,0.2,0.09,0.25,1.32,12.73,54.4,0.86,0.79,0.53,3.1,4.55,0.79,0.2,0.79,1.19,1.72
Juan Cruz,Leganés,AM,24,21,15,1345,14.9,0.27,0.1,1.54,0.07,0.11,0.21,2.01,30.71,66.0,2.61,2.54,1.87,1.87,5.55,1.14,0.6,0.67,1.34,0.33
Renato Tapia,Leganés,MF,29,19,13,1159,12.9,0.08,0.02,0.39,0.0,0.01,0.03,0.62,42.86,75.5,2.41,0.78,0.62,0.47,0.85,2.41,0.85,2.72,3.88,1.4
Adrià Altimira,Leganés,FB,23,13,11,929,10.3,0.0,0.01,0.39,0.0,0.0,0.01,0.58,30.32,77.3,2.03,1.36,0.78,0.1,2.52,2.62,1.16,0.87,3.68,0.87
Darko Brašanac,Leganés,MF,32,19,10,1109,12.3,0.08,0.12,0.65,0.16,0.02,0.14,1.7,28.24,76.4,2.35,0.24,0.08,1.79,2.6,1.3,0.97,1.14,2.43,1.22
Dani Raba,Leganés,MF,29,14,10,765,8.5,0.0,0.06,1.29,0.47,0.26,0.32,5.41,28.59,64.2,2.59,2.47,2.35,1.53,4.71,2.35,1.06,1.18,0.94,0.24
Óscar Rodríguez Arnaiz,Leganés,AM,26,15,9,768,8.5,0.12,0.12,1.76,0.35,0.12,0.23,2.81,36.33,69.0,3.4,1.41,1.64,1.29,3.28,2.7,1.29,0.59,1.41,1.05
Jorge Sáenz,Leganés,CB,28,12,9,760,8.4,0.12,0.05,0.12,0.0,0.01,0.06,0.83,49.26,82.5,1.42,0.36,0.0,0.36,0.0,2.25,1.54,1.42,8.17,2.37
Enric Franquesa,Leganés,FB,27,12,7,616,6.8,0.15,0.04,0.44,0.0,0.01,0.06,0.88,32.87,70.2,1.75,1.61,1.31,0.88,4.38,2.48,0.73,1.02,1.75,0.73
Munir El Haddadi,Leganés,AM,29,13,6,483,5.4,0.19,0.09,1.3,0.0,0.11,0.21,1.49,23.66,66.9,2.24,0.75,0.56,0.93,3.91,2.05,0.0,1.12,0.19,1.3
Alex Král,Espanyol,MF,26,22,21,1923,21.4,0.0,0.04,0.61,0.05,0.07,0.1,1.36,29.02,71.9,2.9,1.64,0.98,1.64,2.48,2.11,0.94,1.12,1.45,0.94
Omar El Hilali,Espanyol,FB,21,21,21,1838,20.4,0.0,0.0,0.05,0.1,0.03,0.03,0.73,43.29,78.4,2.99,1.08,0.49,0.1,1.32,3.53,0.98,1.47,3.77,0.98
Javi Puado,Espanyol,FW,26,20,20,1716,19.1,0.31,0.25,1.94,0.05,0.05,0.3,1.42,19.93,75.5,2.05,1.94,0.68,3.51,3.15,0.68,0.21,0.58,0.68,0.37
Marash Kumbulla,Espanyol,CB,24,20,19,1642,18.2,0.11,0.05,0.38,0.0,0.0,0.06,0.6,42.86,85.3,2.47,0.49,0.05,0.49,0.05,1.53,0.82,1.64,6.03,2.25
Leandro Cabrera,Espanyol,CB,33,18,17,1530,17.0,0.12,0.04,0.59,0.06,0.02,0.06,0.88,48.53,73.8,2.71,0.35,0.06,1.18,0.18,1.59,1.0,1.12,5.76,2.53
Jofre,Espanyol,MF,23,21,17,1365,15.2,0.13,0.15,2.04,0.2,0.11,0.25,2.57,19.58,69.0,2.04,2.44,1.38,3.23,5.74,0.92,0.59,0.26,1.05,0.13
Pol Lozano,Espanyol,MF,25,17,15,1196,13.3,0.0,0.0,0.15,0.0,0.03,0.04,1.96,39.88,84.2,5.19,0.68,0.23,0.0,0.6,2.63,1.05,1.43,1.2,0.45
Carlos Romero,Espanyol,FB,23,19,13,1213,13.5,0.15,0.09,1.04,0.07,0.07,0.16,2.0,35.39,68.1,2.6,2.08,0.67,1.04,4.01,2.6,0.82,1.11,3.19,0.45
Álvaro Tejero,Espanyol,MF,28,20,13,1087,12.1,0.08,0.05,1.32,0.25,0.21,0.26,3.56,43.47,71.2,2.98,1.9,0.17,0.99,5.13,0.83,0.83,0.66,2.24,0.66
Brian Oliván,Espanyol,FB,30,17,12,1017,11.3,0.0,0.04,0.53,0.09,0.1,0.13,2.12,40.53,69.2,3.54,1.86,0.09,0.71,5.04,1.15,0.89,0.53,2.04,0.27
Alejo Véliz,Espanyol,FW,21,18,10,889,9.9,0.1,0.18,1.52,0.0,0.05,0.24,0.81,14.58,68.1,0.61,0.1,0.1,2.23,2.33,0.1,0.3,1.11,1.72,3.95
José Gragera,Espanyol,MF,24,10,7,569,6.3,0.0,0.0,0.32,0.0,0.0,0.02,1.11,34.32,87.6,2.21,0.16,0.16,0.63,0.47,3.95,0.79,1.42,2.06,1.74
Sergi Gómez,Espanyol,CB,32,11,6,652,7.2,0.0,0.04,0.28,0.0,0.0,0.04,0.55,48.04,88.8,1.1,0.0,0.0,0.55,0.14,1.1,0.97,1.66,4.97,1.52
Irvin Cardona,Espanyol,FW,27,16,5,606,6.7,0.15,0.16,1.49,0.15,0.09,0.25,2.97,23.91,62.1,2.23,2.08,0.45,3.42,6.39,1.19,0.59,0.74,1.49,1.19
Walid Cheddira,Espanyol,FW,27,16,5,588,6.5,0.15,0.14,1.53,0.15,0.18,0.32,2.6,13.93,72.5,1.68,1.07,0.61,4.59,4.74,0.61,0.15,0.46,0.92,1.99
Carlos Vicente,Alavés,AM,25,21,21,1848,20.5,0.15,0.09,0.97,0.15,0.17,0.25,2.73,29.27,62.1,1.46,3.02,1.12,2.44,6.14,1.12,0.44,0.97,0.97,0.88
Abdel Abqar,Alavés,CB,25,20,20,1668,18.5,0.0,0.03,0.32,0.05,0.01,0.04,0.97,35.02,74.3,3.18,0.59,0.05,0.65,0.16,1.46,1.78,0.97,5.29,1.24
Nahuel Tenaglia,Alavés,FB,28,19,19,1651,18.3,0.05,0.03,0.6,0.05,0.04,0.07,1.36,37.72,70.2,2.45,1.36,0.44,1.36,3.0,2.94,1.36,0.82,3.71,1.31
Antonio Blanco,Alavés,MF,24,20,17,1420,15.8,0.0,0.04,0.89,0.06,0.08,0.11,1.58,38.73,77.9,4.63,0.13,0.63,0.25,0.32,2.35,1.65,1.08,1.46,0.82
Jon Guridi,Alavés,AM,29,20,17,1361,15.1,0.07,0.05,0.73,0.0,0.04,0.09,2.05,32.87,78.1,3.7,1.19,0.33,1.98,3.57,1.52,0.66,1.06,0.53,1.52
Manu Sánchez,Alavés,FB,24,18,16,1480,16.4,0.0,0.01,0.3,0.0,0.02,0.03,1.16,38.25,70.7,2.8,1.76,0.3,0.61,2.92,2.49,1.09,1.7,2.07,0.3
Kiké,Alavés,FW,35,21,15,1362,15.1,0.46,0.24,1.98,0.0,0.05,0.29,1.52,20.09,66.4,1.98,0.79,0.53,3.83,4.49,0.53,0.0,0.13,0.79,4.36
Moussa Diarra,Alavés,CB,24,17,14,1299,14.4,0.0,0.0,0.07,0.0,0.01,0.01,0.55,38.87,80.7,3.53,0.55,0.28,0.49,0.97,1.8,1.11,0.55,1.73,1.59
Ander Guevara,Alavés,MF,27,20,13,1299,14.4,0.0,0.03,0.49,0.07,0.03,0.06,1.66,45.45,77.3,5.06,0.69,0.49,0.55,0.76,2.49,0.49,1.18,1.8,1.32
Carlos Martín,Alavés,AM,22,15,9,775,8.6,0.23,0.21,1.74,0.12,0.08,0.29,1.51,25.9,65.5,1.63,0.93,0.58,2.55,4.18,2.9,0.46,1.74,1.16,0.58
Tomás Conechny,Alavés,AM,26,14,9,701,7.8,0.13,0.3,2.44,0.0,0.03,0.32,1.28,34.92,62.5,1.8,1.54,0.39,3.72,6.8,1.28,0.64,1.67,0.9,2.31
Santiago Mouriño,Alavés,CB,22,12,8,724,8.0,0.0,0.02,0.37,0.0,0.05,0.07,0.62,34.06,81.0,2.61,1.24,0.25,0.37,0.0,2.11,1.37,0.87,4.6,1.24
Stoichkov,Alavés,AM,31,16,6,699,7.8,0.0,0.14,2.32,0.13,0.15,0.3,3.61,27.55,61.7,3.35,1.16,0.77,3.61,5.28,1.8,0.13,0.26,0.9,0.64
Joan Jordán,Alavés,MF,30,12,6,642,7.1,0.14,0.2,1.12,0.28,0.07,0.27,3.08,55.79,68.6,7.15,0.56,0.42,0.84,2.52,2.38,0.56,1.12,1.26,0.7
Toni Martínez,Alavés,FW,27,17,5,561,6.2,0.48,0.27,4.49,0.0,0.08,0.35,3.05,20.7,55.8,1.12,0.96,0.8,6.9,4.81,0.8,0.0,1.12,1.28,7.22
Pica,Alavés,CB,23,7,5,483,5.4,0.0,0.06,0.75,0.0,0.0,0.07,0.37,36.89,76.8,2.8,0.56,0.19,0.93,0.0,1.68,1.49,1.3,4.1,3.17
Luis Rioja,Alavés,MF,31,1,0,23,0.3,0.15,0.07,0.71,0.05,0.13,0.2,2.24,37.24,65.6,2.5,2.91,1.43,1.99,6.43,1.17,0.97,1.12,1.48,0.46
Cristhian Mosquera,Valencia,CB,20,21,21,1879,20.9,0.0,0.01,0.14,0.0,0.0,0.01,0.19,52.69,91.1,2.92,0.91,0.24,0.14,0.14,1.1,1.1,1.05,2.97,1.2
Luis Rioja,Valencia,MF,31,21,20,1741,19.3,0.15,0.07,0.71,0.05,0.13,0.2,2.24,37.24,65.6,2.5,2.91,1.43,1.99,6.43,1.17,0.97,1.12,1.48,0.46
Diego López,Valencia,MF,22,22,20,1627,18.1,0.17,0.16,1.22,0.17,0.17,0.33,2.21,31.36,69.5,2.6,2.71,0.83,3.15,7.3,1.0,0.39,0.94,0.39,0.5
César Tárrega,Valencia,CB,22,19,19,1676,18.6,0.11,0.08,0.64,0.0,0.0,0.09,0.27,45.86,79.3,2.85,0.91,0.27,1.18,0.0,1.4,0.7,1.07,5.75,2.36
Hugo Duro,Valencia,FW,25,19,18,1539,17.1,0.41,0.34,1.81,0.12,0.07,0.41,1.29,17.43,69.8,1.17,0.64,0.35,3.51,2.81,0.64,0.53,0.53,0.47,2.81
Javier Guerra,Valencia,MF,22,21,16,1345,14.9,0.07,0.07,1.41,0.13,0.13,0.2,2.01,40.35,74.3,4.28,1.54,1.0,1.54,2.68,2.14,0.6,0.54,1.54,0.74
Dimitri Foulquier,Valencia,FB,31,21,14,1342,14.9,0.0,0.03,0.67,0.0,0.02,0.04,1.34,47.08,74.1,3.22,1.68,0.34,1.01,2.95,2.08,0.54,0.94,3.15,0.54
José Luis García Vayá,Valencia,MF,26,19,13,1210,13.4,0.0,0.02,0.67,0.15,0.12,0.14,3.05,64.71,77.0,7.51,0.45,0.37,0.67,1.04,2.08,0.74,1.26,1.49,1.41
Enzo Barrenechea,Valencia,MF,23,16,13,1074,11.9,0.08,0.06,0.42,0.08,0.03,0.09,1.68,49.86,84.7,3.6,0.75,0.34,0.84,0.67,2.18,0.92,1.51,2.26,1.68
Domingos André Ribeiro Almeida,Valencia,FW,24,19,12,1074,11.9,0.0,0.03,0.92,0.0,0.08,0.12,3.1,40.81,84.8,6.28,1.93,0.84,2.26,3.44,2.18,0.42,1.09,0.5,0.25
Yarek Gasiorowski,Valencia,CB,20,13,9,907,10.1,0.0,0.11,0.3,0.0,0.01,0.12,0.69,46.44,80.3,3.67,0.89,0.0,0.6,0.0,1.89,2.48,1.69,5.06,2.38
Thierry Correia,Valencia,FB,25,11,9,768,8.5,0.0,0.04,0.82,0.0,0.04,0.07,1.88,51.68,74.8,5.16,1.88,0.94,1.41,5.63,3.16,0.47,1.17,2.11,0.47
Jesus Vazquez,Valencia,FB,22,13,8,684,7.6,0.0,0.01,0.39,0.0,0.03,0.04,0.66,46.32,75.9,2.24,3.29,1.32,0.92,5.0,2.11,0.66,1.84,2.89,1.05
José Luis Gayà,Valencia,FB,29,9,8,630,7.0,0.0,0.01,0.14,0.14,0.16,0.17,1.71,50.29,73.0,3.29,2.0,0.29,0.57,7.43,2.71,1.57,0.86,2.57,0.43
Dani Gómez,Valencia,FW,26,14,5,532,5.9,0.34,0.46,2.37,0.0,0.0,0.46,1.02,14.04,74.7,1.02,0.51,0.51,3.72,4.06,0.51,0.34,0.17,0.68,1.18
Lucas Oliveira Rosa,Valladolid,FB,24,21,21,1890,21.0,0.0,0.04,0.38,0.05,0.1,0.13,1.48,39.67,76.5,2.38,1.48,0.67,1.0,3.52,2.52,1.33,1.14,3.29,0.86
Luis Pérez,Valladolid,FB,30,21,21,1850,20.6,0.0,0.0,0.15,0.0,0.08,0.08,1.9,41.98,75.6,2.92,1.31,0.19,0.34,4.18,1.61,1.12,1.07,2.97,0.54
Javi Sánchez,Valladolid,CB,27,16,16,1332,14.8,0.07,0.01,0.34,0.0,0.01,0.03,0.61,49.59,86.2,1.15,0.2,0.07,0.54,0.27,1.15,0.81,1.82,4.86,1.76
Raúl Moro,Valladolid,AM,22,19,14,1306,14.5,0.21,0.12,1.65,0.07,0.22,0.35,3.93,28.39,65.8,3.45,4.41,2.48,3.65,7.65,0.96,0.62,0.41,0.55,0.34
Kike Pérez,Valladolid,MF,27,19,14,1191,13.2,0.15,0.16,1.51,0.0,0.08,0.23,2.72,42.62,78.0,5.06,1.44,0.6,1.36,2.12,2.8,0.53,1.21,1.36,0.91
Stanko Jurić,Valladolid,MF,28,19,13,1281,14.2,0.0,0.05,0.35,0.0,0.02,0.07,0.28,39.56,85.3,3.09,0.21,0.35,0.56,0.35,2.74,1.05,1.69,3.23,2.74
Eray Cömert,Valladolid,CB,27,16,13,1073,11.9,0.0,0.04,0.67,0.0,0.0,0.04,0.67,42.78,84.9,2.26,0.5,0.25,0.5,0.34,1.26,1.01,1.59,2.94,1.26
Mario Martín,Valladolid,MF,20,18,12,1101,12.2,0.0,0.03,1.06,0.08,0.07,0.11,1.55,40.14,86.4,3.11,0.82,0.9,0.9,0.65,2.78,1.06,1.55,2.53,1.63
Selim Amallah,Valladolid,MF,28,15,12,919,10.2,0.2,0.19,1.57,0.1,0.05,0.24,2.06,26.34,75.8,3.13,1.96,2.35,1.47,1.47,1.66,0.69,1.66,0.29,0.29
Anuar,Valladolid,AM,30,13,11,956,10.6,0.19,0.1,0.56,0.0,0.04,0.14,1.22,22.59,79.2,1.32,1.04,0.28,1.22,2.45,1.41,1.13,1.41,0.94,1.41
Mamadou Sylla,Valladolid,FW,30,16,11,911,10.1,0.0,0.16,1.28,0.1,0.14,0.3,1.28,14.32,63.4,0.99,1.09,0.4,2.07,3.16,0.2,0.1,0.3,0.99,2.37
David Torres,Valladolid,CB,21,13,10,1003,11.1,0.0,0.01,0.18,0.0,0.0,0.01,0.09,44.69,83.5,2.51,0.72,0.0,0.36,0.18,0.72,0.63,1.26,4.49,1.35
Marcos André,Valladolid,FW,28,15,10,867,9.6,0.1,0.21,1.45,0.1,0.06,0.26,1.25,16.71,64.6,0.93,1.04,1.45,2.49,3.11,0.52,0.31,1.14,0.52,4.05
Juma Bah,Valladolid,CB,18,12,10,864,9.6,0.0,0.03,0.31,0.0,0.0,0.03,0.21,42.4,81.1,1.35,0.0,0.31,0.83,0.1,1.04,1.25,1.56,6.25,3.23
Iván Sánchez,Valladolid,MF,32,20,7,819,9.1,0.11,0.03,0.66,0.11,0.15,0.19,2.97,34.18,69.1,4.29,3.19,1.76,1.21,5.38,2.31,0.88,1.1,0.66,0.88
Juanmi Latasa,Valladolid,FW,23,15,4,556,6.2,0.0,0.18,2.1,0.0,0.03,0.21,1.62,17.32,56.1,1.46,0.16,0.65,4.05,3.08,0.16,0.0,0.32,0.97,6.8
Enzo Boyomo,Valladolid,CB,23,3,3,270,3.0,0.05,0.02,0.28,0.0,0.03,0.06,0.32,44.35,87.4,3.09,0.46,0.32,0.55,0.05,1.98,1.01,1.29,3.87,1.01
